{
  "intrinsics": [
    [
      [
        1513.5994873046875,
        0,
        959.3222045898438
      ],
      [
        0,
        1513.5994873046875,
        565.4495239257812
      ],
      [
        0,
        0,
        1
      ]
    ],
    [
      [
        1509.898193359375,
        0,
        946.5823974609375
      ],
      [
        0,
        1509.898193359375,
        547.941650390625
      ],
      [
        0,
        0,
        1
      ]
    ],
    [
      [
        1502.0225830078125,
        0,
        953.027099609375
      ],
      [
        0,
        1502.0225830078125,
        541.5069580078125
      ],
      [
        0,
        0,
        1
      ]
    ]
  ],
  "serial_numbers": [
    "19274125",
    "16471270",
    "14135921"
  ],
  "fps": 30,
  "WH": [
    1920,
    1080
  ],
  "frame_num": 0,
  "start_step": 0,
  "end_step": 0
}